comparison_system,support_set,union_share,target_a_share,target_b_share,point_log_ratio,lower_log_ratio,upper_log_ratio
Age-based current matching,Full maintained support,1.0,1.0,1.0,0.012922687022807413,-0.04043943427424106,0.15092822072615217
Age-based current matching,Common support only,0.7471985722050541,0.3705668342920569,0.9338298687426451,0.006970626865010889,-0.0096683360726671,0.07885604476161699
Verified current-cell map,Same common support,0.7471985722050541,0.3705668342920569,0.9338298687426451,-0.0048064348389294615,-0.007987661747986546,-0.0029572028662497017
