label,partition_label,bin_count,overall_support_overlap_share,weighted_mean_oscillation_plp,weighted_p95_oscillation_plp,weighted_p99_oscillation_plp,max_oscillation_plp,weighted_mean_kappa_plp,weighted_p95_kappa_plp,weighted_p99_kappa_plp,max_kappa_plp
Verified current-cell map,Age x coarse weighted quantiles (N_q=20),20,0.7144779294259721,0.0,0.0,0.0,0.0,0.0,0.0,0.0,0.0
Three-block coarsening,Age x coarse weighted quantiles (N_q=20),20,0.8259824559568217,0.7089301180338287,3.4157014948826907,4.913347323465958,8.712124972503513,0.35446505901691433,1.7078507474413454,2.456673661732979,4.356062486251757
Standardized heuristic map,Age x coarse weighted quantiles (N_q=20),20,0.9298256224315964,0.5022026088941036,2.8720857041085806,5.3130140937667925,9.213183773826957,0.2511013044470518,1.4360428520542903,2.6565070468833962,4.6065918869134785
Age-only current matching,Age x coarse weighted quantiles (N_q=20),20,0.9672747750669214,0.5410070185288165,3.2984506096344006,6.663886636755423,9.213183773826957,0.27050350926440825,1.6492253048172003,3.3319433183777116,4.6065918869134785
